Parameter,count,min,median,max
ALP,3092,12.0,82.0,2205.0
ALT,3177,1.0,43.0,11470.0
AST,3182,4.0,64.0,18430.0
Albumin,2356,1.0,2.9,5.3
BUN,13916,0.0,20.0,197.0
Bilirubin,3191,0.1,0.9,47.7
Cholesterol,315,28.0,152.0,330.0
Creatinine,13983,0.1,1.0,22.1
DiasABP,145567,0.0,58.0,268.0
FiO2,32390,0.21,0.5,1.0
GCS,61563,3.0,13.0,15.0
Glucose,13021,10.0,127.0,1143.0
HCO3,13613,5.0,23.0,50.0
HCT,18271,9.0,30.3,61.8
HR,228538,0.0,86.0,300.0
K,14440,1.8,4.1,22.9
Lactate,8024,0.3,2.1,29.3
MAP,145760,0.0,77.0,300.0
MechVent,31144,1.0,1.0,1.0
Mg,13590,0.6,2.0,9.9
NIDiasABP,98210,0.0,56.0,201.0
NIMAP,96871,0.0,75.0,209.0
NISysABP,98331,0.0,116.0,296.0
Na,13570,98.0,139.0,177.0
PaCO2,23293,0.3,39.0,100.0
PaO2,23268,0.0,121.0,500.0
Platelets,14104,6.0,172.0,1047.0
RespRate,55051,0.0,19.0,98.0
SaO2,8185,26.0,97.0,100.0
SysABP,145650,0.0,116.0,295.0
Temp,86405,-17.8,37.1,42.1
TroponinI,435,0.3,2.6,49.2
TroponinT,2126,0.01,0.2,24.91
Urine,136918,0.0,70.0,11000.0
WBC,12910,0.1,11.4,187.5
pH,24355,1.0,7.38,735.0
