missing,count,mean,Variable
False,1690,0.19053254437869824,ALP
True,2310,0.10043290043290043,ALP
False,1721,0.19058686809994188,ALT
True,2279,0.09916630100921457,ALT
False,1725,0.1907246376811594,AST
True,2275,0.0989010989010989,AST
False,1615,0.18761609907120744,Albumin
True,2385,0.10524109014675052,Albumin
False,3936,0.13973577235772358,BUN
True,64,0.0625,BUN
False,1718,0.19033760186263096,Bilirubin
True,2282,0.09947414548641542,Bilirubin
False,305,0.15081967213114755,Cholesterol
True,3695,0.13748308525033828,Cholesterol
False,3936,0.13973577235772358,Creatinine
True,64,0.0625,Creatinine
False,2799,0.14612361557699177,DiasABP
True,1201,0.12073272273105745,DiasABP
False,2717,0.16341553183658447,FiO2
True,1283,0.08573655494933749,FiO2
False,3936,0.13948170731707318,GCS
True,64,0.078125,GCS
False,3887,0.1407254952405454,Glucose
True,113,0.061946902654867256,Glucose
False,3924,0.13990825688073394,HCO3
True,76,0.06578947368421052,HCO3
False,3936,0.13973577235772358,HCT
True,64,0.0625,HCT
False,3937,0.13944627889255778,HR
True,63,0.07936507936507936,HR
False,3904,0.1401127049180328,K
True,96,0.07291666666666667,K
False,2183,0.17636280348144756,Lactate
True,1817,0.093010456796918,Lactate
False,2792,0.14541547277936961,MAP
True,1208,0.12251655629139073,MAP
False,2529,0.15618821668643731,MechVent
True,1471,0.10808973487423522,MechVent
False,3897,0.1403643828586092,Mg
True,103,0.06796116504854369,Mg
False,3483,0.13982199253517083,NIDiasABP
True,517,0.12959381044487428,NIDiasABP
False,3481,0.13990232691755242,NIMAP
True,519,0.12909441233140656,NIMAP
False,3493,0.1397079874033782,NISysABP
True,507,0.1301775147928994,NISysABP
False,3925,0.13961783439490447,Na
True,75,0.08,Na
False,3023,0.15679788289778365,PaCO2
True,977,0.08188331627430911,PaCO2
False,3023,0.15646708567648032,PaO2
True,977,0.08290685772773797,PaO2
False,3932,0.13987792472024416,Platelets
True,68,0.058823529411764705,Platelets
False,1101,0.07901907356948229,RespRate
True,2899,0.161090031045188,RespRate
False,1792,0.14787946428571427,SaO2
True,2208,0.1308876811594203,SaO2
False,2799,0.14612361557699177,SysABP
True,1201,0.12073272273105745,SysABP
False,3936,0.13948170731707318,Temp
True,64,0.078125,Temp
False,205,0.2780487804878049,TroponinI
True,3795,0.13096179183135706,TroponinI
False,863,0.21089223638470453,TroponinT
True,3137,0.11858463500159389,TroponinT
False,3883,0.13829513262941026,Urine
True,117,0.1452991452991453,Urine
False,3927,0.1400560224089636,WBC
True,73,0.0547945205479452,WBC
False,3040,0.15592105263157896,pH
True,960,0.08333333333333333,pH
